label,x,y,z,w,h,l,roll,pitch,yaw
20,-1.957960,-0.356931,-4.946809,1.000000,1.000000,1.000000,-1.571171,-1.569204,0.000374
10,1.043630,-0.356931,-3.951588,2.000000,1.000000,1.000000,-1.571171,-1.569204,0.000374
10,-0.956368,-0.356931,-3.948403,1.000000,1.000000,1.000000,-1.571171,-1.569204,0.000374
30,0.042038,2.494444,-4.949996,0.502920,0.502920,1.088889,-1.570797,0.000796,-0.000000
