label,x,y,z,w,h,l,roll,pitch,yaw
20,-1.957960,0.453262,-4.946810,1.000000,1.000000,1.000000,-1.571171,-1.569204,0.000374
10,1.043630,0.453262,-3.951588,2.000000,1.000000,1.000000,-1.571171,-1.569204,0.000374
10,-0.956368,0.453262,-3.948403,1.000000,1.000000,1.000000,-1.571171,-1.569204,0.000374
30,0.042038,2.294658,-4.949995,0.502920,0.502920,1.088889,-1.570797,0.000796,-0.000000
