label,x_center,y_center,width,height
20,213.000000,262.000000,34.000000,78.000000
10,526.500000,238.500000,165.000000,135.000000
10,294.500000,247.000000,127.000000,116.000000
30,403.000000,259.000000,42.000000,88.000000
