label,x_center,y_center,width,height
20,213.000000,338.000000,34.000000,78.000000
10,526.500000,362.500000,165.000000,135.000000
10,294.500000,353.500000,127.000000,115.000000
30,403.000000,100.500000,42.000000,97.000000
