label,x_center,y_center,width,height
20,222.500000,344.000000,53.000000,80.000000
10,526.500000,372.500000,165.000000,137.000000
10,294.500000,362.000000,127.000000,116.000000
30,403.000000,100.500000,42.000000,97.000000
