label,x_center,y_center,width,height
20,213.000000,262.000000,34.000000,78.000000
10,526.500000,238.000000,165.000000,134.000000
10,294.500000,246.500000,127.000000,115.000000
30,403.000000,174.000000,42.000000,92.000000
