label,x_center,y_center,width,height
20,220.500000,342.000000,49.000000,80.000000
10,526.500000,370.500000,165.000000,137.000000
10,294.500000,360.500000,127.000000,115.000000
30,403.000000,100.500000,42.000000,97.000000
