label,x_center,y_center,width,height
20,213.000000,329.000000,34.000000,78.000000
10,526.500000,348.000000,165.000000,134.000000
10,294.500000,341.000000,127.000000,116.000000
30,403.000000,100.500000,42.000000,97.000000
