label,x_center,y_center,width,height
20,213.000000,270.500000,34.000000,79.000000
10,526.500000,251.500000,165.000000,135.000000
10,294.500000,258.500000,127.000000,115.000000
30,403.000000,100.500000,42.000000,97.000000
