label,x_center,y_center,width,height
20,239.921097,262.946014,87.527435,81.683182
10,526.673950,238.517242,165.690125,135.664795
10,294.926392,247.377151,127.879959,116.114960
30,403.531250,143.957092,42.120209,95.315750
