label,x_center,y_center,width,height
20,239.921097,263.021545,87.527435,81.681671
10,526.673950,238.642593,165.690125,135.664825
10,294.926392,247.484421,127.879959,116.114960
30,403.531250,259.568848,42.120239,88.995728
