label,x_center,y_center,width,height
20,239.921097,263.059296,87.527435,81.680923
10,526.673950,238.705261,165.690125,135.664795
10,294.926392,247.538071,127.879959,116.114960
30,403.531250,259.607269,42.120239,88.997421
