label,x_center,y_center,width,height
20,239.921097,262.964966,87.527435,81.682800
10,526.673950,238.548737,165.690125,135.664810
10,294.926392,247.404083,127.879959,116.114944
30,403.531250,259.535156,42.120239,88.994247
