label,x_center,y_center,width,height
20,239.921097,262.937988,87.527435,81.683334
10,526.673950,238.503967,165.690125,135.664810
10,294.926392,247.365768,127.879959,116.114960
30,403.531250,104.574432,42.120209,97.606567
