label,x_center,y_center,width,height
20,239.921097,262.994568,87.527435,81.682205
10,526.673950,238.597839,165.690125,135.664810
10,294.926392,247.446106,127.879959,116.114944
30,403.531250,259.542725,42.120239,88.994583
