label,x_center,y_center,width,height
20,239.921097,262.956787,87.527435,81.682953
10,526.673950,238.535156,165.690125,135.664795
10,294.926392,247.392471,127.879959,116.114960
30,403.531250,208.310638,42.120239,91.572433
