label,x_center,y_center,width,height
20,239.921097,262.989166,87.527435,81.682312
10,526.673950,238.588867,165.690125,135.664795
10,294.926392,247.438446,127.879959,116.114944
30,403.531250,259.538544,42.120239,88.994400
