label,x_center,y_center,width,height
20,239.921097,262.959564,87.527435,81.682907
10,526.673950,238.539764,165.690125,135.664795
10,294.926392,247.396423,127.879959,116.114944
30,403.531250,226.513947,42.120239,90.513596
