label,x_center,y_center,width,height
20,239.921097,341.001526,87.527435,81.761810
10,526.674011,367.993774,165.690186,135.746521
10,294.926392,358.211060,127.879990,116.153900
30,403.531250,101.019775,42.120209,97.813301
