label,x_center,y_center,width,height
20,239.921097,263.051270,87.527435,81.681076
10,526.673950,238.691986,165.690125,135.664810
10,294.926392,247.526688,127.879959,116.114960
30,403.531250,259.599091,42.120239,88.997055
