label,x_center,y_center,width,height
20,239.921097,344.517273,87.527435,81.831818
10,526.674011,372.649780,165.690186,138.104950
10,294.926392,362.643250,127.879990,117.278198
30,403.531250,101.019745,42.120209,97.813324
