label,x_center,y_center,width,height
20,239.921097,344.961853,87.527435,81.840668
10,526.674011,373.238586,165.690186,138.403168
10,294.926392,363.203735,127.879990,117.420380
30,403.531250,101.019745,42.120209,97.813324
