label,x_center,y_center,width,height
20,239.921097,263.016144,87.527435,81.681778
10,526.673950,238.633636,165.690125,135.664795
10,294.926392,247.476776,127.879959,116.114944
30,403.531250,259.563324,42.120239,88.995468
