label,x_center,y_center,width,height
20,239.921097,263.005341,87.527435,81.681992
10,526.673950,238.615723,165.690125,135.664795
10,294.926392,247.461441,127.879959,116.114960
30,403.531250,259.552673,42.120239,88.995010
