label,x_center,y_center,width,height
20,239.921097,323.502014,87.527435,81.413300
10,526.674011,338.990051,165.690186,135.664825
10,294.926392,333.371399,127.879974,116.114960
30,403.531250,101.019775,42.120209,97.813316
