label,x_center,y_center,width,height
20,239.921097,262.940613,87.527435,81.683273
10,526.673950,238.508301,165.690125,135.664795
10,294.926392,247.369476,127.879959,116.114929
30,403.531250,116.856003,42.120209,96.892143
