label,x_center,y_center,width,height
20,239.921097,281.979431,87.527435,81.304108
10,526.673950,270.107849,165.690125,135.664810
10,294.926392,274.415405,127.879959,116.114944
30,403.531250,101.019760,42.120209,97.813339
