label,x_center,y_center,width,height
20,239.921097,263.002716,87.527435,81.682053
10,526.673950,238.611389,165.690125,135.664795
10,294.926392,247.457733,127.879959,116.114944
30,403.531250,259.550079,42.120239,88.994919
