label,x_center,y_center,width,height
20,239.921097,333.996460,87.527435,81.622284
10,526.674011,356.408020,165.690186,135.664825
10,294.926392,348.279358,127.879974,116.114990
30,403.531250,101.019775,42.120209,97.813316
