label,x_center,y_center,width,height
20,239.921097,263.040497,87.527435,81.681290
10,526.673950,238.674072,165.690125,135.664810
10,294.926392,247.511368,127.879959,116.114960
30,403.531250,259.588074,42.120239,88.996552
