label,x_center,y_center,width,height
20,239.921097,263.024292,87.527435,81.681610
10,526.673950,238.647217,165.690125,135.664810
10,294.926392,247.488373,127.879959,116.114944
30,403.531250,259.571655,42.120239,88.995834
