label,x_center,y_center,width,height
20,239.921097,309.518311,87.527435,81.134796
10,526.674011,315.780670,165.690186,135.664810
10,294.926392,313.506592,127.879944,116.114960
30,403.531250,101.019745,42.120209,97.813324
