label,x_center,y_center,width,height
20,239.921097,263.010742,87.527435,81.681885
10,526.673950,238.624695,165.690125,135.664810
10,294.926392,247.469101,127.879959,116.114960
30,403.531250,259.557922,42.120239,88.995239
