label,x_center,y_center,width,height
20,239.921097,263.008118,87.527435,81.681931
10,526.673950,238.620361,165.690125,135.664810
10,294.926392,247.465393,127.879959,116.114944
30,403.531250,259.555328,42.120239,88.995117
