label,x_center,y_center,width,height
20,239.921097,262.948792,87.527435,81.683121
10,526.673950,238.521851,165.690125,135.664795
10,294.926392,247.381088,127.879959,116.114960
30,403.531250,158.776642,42.120209,94.453728
