label,x_center,y_center,width,height
20,239.921097,262.986542,87.527435,81.682373
10,526.673950,238.584534,165.690125,135.664795
10,294.926392,247.434738,127.879959,116.114960
30,403.531250,259.536987,42.120239,88.994339
