label,x_center,y_center,width,height
20,239.921097,337.935120,87.527435,81.700714
10,526.674011,362.945221,165.690186,135.664856
10,294.926392,353.874512,127.879974,116.114960
30,403.531250,101.019745,42.120209,97.813324
