label,x_center,y_center,width,height
20,239.921097,262.981140,87.527435,81.682465
10,526.673950,238.575592,165.690125,135.664810
10,294.926392,247.427063,127.879959,116.114975
30,403.531250,259.535187,42.120239,88.994263
