label,x_center,y_center,width,height
20,239.921097,262.997345,87.527435,81.682144
10,526.673950,238.602448,165.690125,135.664810
10,294.926392,247.450058,127.879959,116.114960
30,403.531250,259.545105,42.120239,88.994690
