label,x_center,y_center,width,height
20,239.921097,262.954193,87.527435,81.682999
10,526.673950,238.530823,165.690125,135.664795
10,294.926392,247.388763,127.879959,116.114944
30,403.531250,190.953400,42.120239,92.582108
