label,x_center,y_center,width,height
20,239.921097,263.062073,87.527435,81.680862
10,526.673950,238.709869,165.690125,135.664795
10,294.926392,247.542023,127.879959,116.114944
30,403.531250,259.610107,42.120239,88.997513
