label,x_center,y_center,width,height
20,239.921097,292.024475,87.527435,81.104080
10,526.673950,286.779968,165.690125,135.664825
10,294.926392,288.684998,127.879974,116.114944
30,403.531250,101.019775,42.120209,97.813301
