label,x_center,y_center,width,height
20,239.921097,263.045898,87.527435,81.681183
10,526.673950,238.683014,165.690125,135.664795
10,294.926392,247.519028,127.879959,116.114960
30,403.531250,259.593597,42.120239,88.996811
