label,x_center,y_center,width,height
20,239.921097,262.951416,87.527435,81.683075
10,526.673950,238.526215,165.690125,135.664810
10,294.926392,247.384811,127.879959,116.114960
30,403.531250,174.441986,42.120209,93.542488
