label,x_center,y_center,width,height
20,239.921097,271.062103,87.527435,81.521530
10,526.673950,251.987885,165.690125,135.664795
10,294.926392,258.906616,127.879959,116.114960
30,403.531250,101.019760,42.120209,97.813286
