label,x_center,y_center,width,height
20,239.921097,262.991943,87.527435,81.682251
10,526.673950,238.593475,165.690125,135.664780
10,294.926392,247.442398,127.879959,116.114960
30,403.531250,259.540588,42.120239,88.994476
