label,x_center,y_center,width,height
20,239.921097,263.013519,87.527435,81.681824
10,526.673950,238.629303,165.690125,135.664810
10,294.926392,247.473038,127.879959,116.114960
30,403.531250,259.560760,42.120239,88.995377
