label,x_center,y_center,width,height
20,239.921097,316.946350,87.527435,81.282745
10,526.674011,328.109253,165.690186,135.664825
10,294.926392,324.058594,127.879974,116.114960
30,403.531250,101.019745,42.120209,97.813324
