label,x_center,y_center,width,height
20,239.921097,301.217957,87.527435,80.969482
10,526.674011,302.004242,165.690186,135.664810
10,294.926392,301.715393,127.879974,116.114975
30,403.531250,101.019775,42.120209,97.813301
