label,x_center,y_center,width,height
20,239.921097,262.970367,87.527435,81.682678
10,526.673950,238.557678,165.690125,135.664795
10,294.926392,247.411743,127.879959,116.114929
30,403.531250,259.535156,42.120239,88.994247
