label,x_center,y_center,width,height
20,239.921097,262.962189,87.527435,81.682861
10,526.673950,238.544098,165.690125,135.664795
10,294.926392,247.400131,127.879959,116.114960
30,403.531250,245.563065,42.120239,89.405548
