label,x_center,y_center,width,height
20,239.921097,263.048492,87.527435,81.681137
10,526.673950,238.687347,165.690125,135.664780
10,294.926392,247.522736,127.879959,116.114929
30,403.531250,259.596252,42.120239,88.996918
