label,x_center,y_center,width,height
20,239.921097,343.195557,87.527435,81.805481
10,526.674011,370.899414,165.690186,137.218323
10,294.926392,360.977020,127.879990,116.855530
30,403.531250,101.019745,42.120209,97.813324
