label,x_center,y_center,width,height
20,239.921097,263.018921,87.527435,81.681717
10,526.673950,238.638245,165.690125,135.664795
10,294.926392,247.480713,127.879959,116.114944
30,403.531250,259.566162,42.120239,88.995590
