label,x_center,y_center,width,height
20,239.921097,262.999939,87.527435,81.682114
10,526.673950,238.606781,165.690125,135.664795
10,294.926392,247.453781,127.879959,116.114960
30,403.531250,259.547485,42.120239,88.994781
