label,x_center,y_center,width,height
20,239.921097,263.032318,87.527435,81.681458
10,526.673950,238.660492,165.690125,135.664780
10,294.926392,247.499756,127.879959,116.114944
30,403.531250,259.579742,42.120239,88.996201
