label,x_center,y_center,width,height
20,239.921097,263.056671,87.527435,81.680969
10,526.673950,238.700928,165.690125,135.664795
10,294.926392,247.534348,127.879959,116.114960
30,403.531250,259.604614,42.120239,88.997269
