label,x_center,y_center,width,height
20,239.921097,262.943390,87.527435,81.683228
10,526.673950,238.512909,165.690125,135.664795
10,294.926392,247.373428,127.879959,116.114960
30,403.531250,129.983673,42.120209,96.128555
