label,x_center,y_center,width,height
20,239.921097,262.983765,87.527435,81.682434
10,526.673950,238.579926,165.690125,135.664795
10,294.926392,247.430786,127.879959,116.114944
30,403.531250,259.535767,42.120239,88.994293
