label,x_center,y_center,width,height
20,239.921097,263.037720,87.527435,81.681366
10,526.673950,238.669464,165.690125,135.664810
10,294.926392,247.507416,127.879959,116.114944
30,403.531250,259.585266,42.120239,88.996460
