label,x_center,y_center,width,height
20,239.921097,263.043091,87.527435,81.681244
10,526.673950,238.678406,165.690125,135.664795
10,294.926392,247.515076,127.879959,116.114944
30,403.531250,259.590759,42.120239,88.996689
