label,x_center,y_center,width,height
20,239.921097,263.026917,87.527435,81.681564
10,526.673950,238.651550,165.690125,135.664795
10,294.926392,247.492096,127.879959,116.114944
30,403.531250,259.574249,42.120239,88.995956
