label,x_center,y_center,width,height
20,239.921097,263.029694,87.527435,81.681503
10,526.673950,238.656158,165.690125,135.664795
10,294.926392,247.496033,127.879959,116.114929
30,403.531250,259.577087,42.120239,88.996078
